<?xml version="1.0" encoding="utf-8" ?><dwsync><file name="bootstrap-theme.min.css" server="commentbox.es/public_html/" local="3495920575" remote="-4611698556235795964" Dst="-1" /><file name="bootstrap-theme.css" server="commentbox.es/public_html/" local="3495920575" remote="7791063556" Dst="-1" /><file name="bootstrap-theme.css.map" server="commentbox.es/public_html/" local="3495920575" remote="-4611698556235795964" Dst="-1" /><file name="bootstrap.css" server="commentbox.es/public_html/" local="3495920576" remote="-4611698556235795964" Dst="-1" /><file name="bootstrap.css.map" server="commentbox.es/public_html/" local="3495920576" remote="-4611698556235795964" Dst="-1" /><file name="bootstrap.min.css" server="commentbox.es/public_html/" local="3495920576" remote="-4611698556235795964" Dst="-1" /><file name="landing.css" server="commentbox.es/public_html/" local="3495920576" remote="-4611698556235795964" Dst="-1" /><file name="login.css" server="commentbox.es/public_html/" local="3495920576" remote="-4611698556235795964" Dst="-1" /><file name="plan.css" server="commentbox.es/public_html/" local="3495920576" remote="-4611698556235795964" Dst="-1" /><file name="qr.css" server="commentbox.es/public_html/" local="3495920576" remote="-4611698556235795964" Dst="-1" /><file name="bootstrap-theme.css" server="ftp.whatsthe.buzz/public_html/" local="3495920575" remote="3558554280" Dst="-1" /><file name="bootstrap-theme.min.css" server="ftp.whatsthe.buzz/public_html/" local="3495920575" remote="3558554280" Dst="-1" /><file name="bootstrap-theme.css.map" server="ftp.whatsthe.buzz/public_html/" local="3495920575" remote="3558554280" Dst="-1" /><file name="bootstrap.css" server="ftp.whatsthe.buzz/public_html/" local="3495920576" remote="3558554280" Dst="-1" /><file name="bootstrap.min.css" server="ftp.whatsthe.buzz/public_html/" local="3495920576" remote="3558554280" Dst="-1" /><file name="landing.css" server="ftp.whatsthe.buzz/public_html/" local="3495920576" remote="3558554280" Dst="-1" /><file name="bootstrap.css.map" server="ftp.whatsthe.buzz/public_html/" local="3495920576" remote="3558554280" Dst="-1" /><file name="login.css" server="ftp.whatsthe.buzz/public_html/" local="3495920576" remote="3558554280" Dst="-1" /><file name="plan.css" server="ftp.whatsthe.buzz/public_html/" local="3495920576" remote="3558554280" Dst="-1" /><file name="qr.css" server="ftp.whatsthe.buzz/public_html/" local="3495920576" remote="3558554280" Dst="-1" /></dwsync>