<?xml version="1.0" encoding="utf-8" ?><dwsync><file name="Authentication.php" server="ftp.whatsthe.buzz/public_html/" local="3558554280" remote="3558554280" Dst="-1" /><file name="Authorization.php" server="ftp.whatsthe.buzz/public_html/" local="3558554280" remote="3558554280" Dst="-1" /><file name="Configuration.php" server="ftp.whatsthe.buzz/public_html/" local="3558554280" remote="3558554280" Dst="-1" /><file name="DownForMaintenance.php" server="ftp.whatsthe.buzz/public_html/" local="3558554280" remote="3558554280" Dst="-1" /><file name="ForgedQueryString.php" server="ftp.whatsthe.buzz/public_html/" local="3558554280" remote="3558554280" Dst="-1" /><file name="InvalidSignature.php" server="ftp.whatsthe.buzz/public_html/" local="3558554280" remote="3558554280" Dst="-1" /><file name="NotFound.php" server="ftp.whatsthe.buzz/public_html/" local="3558554280" remote="3558554280" Dst="-1" /><file name="SSLCaFileNotFound.php" server="ftp.whatsthe.buzz/public_html/" local="3558554280" remote="3558554280" Dst="-1" /><file name="SSLCertificate.php" server="ftp.whatsthe.buzz/public_html/" local="3558554280" remote="3558554280" Dst="-1" /><file name="ServerError.php" server="ftp.whatsthe.buzz/public_html/" local="3558554280" remote="3558554280" Dst="-1" /><file name="Unexpected.php" server="ftp.whatsthe.buzz/public_html/" local="3558554280" remote="3558554280" Dst="-1" /><file name="UpgradeRequired.php" server="ftp.whatsthe.buzz/public_html/" local="3558554280" remote="3558554280" Dst="-1" /><file name="ValidationsFailed.php" server="ftp.whatsthe.buzz/public_html/" local="3558554280" remote="3558554280" Dst="-1" /></dwsync>