<?xml version="1.0" encoding="utf-8" ?><dwsync><file name=".DS_Store" server="commentbox.es/public_html/" local="3495920579" remote="7791063556" Dst="-1" /><file name="ajax-loader.gif" server="commentbox.es/public_html/" local="3495920579" remote="602446763936871412" Dst="-1" /><file name="planbg.jpg" server="commentbox.es/public_html/" local="3495920579" remote="-4611700274220076044" Dst="-1" /><file name="pre-loader.gif" server="commentbox.es/public_html/" local="3498384123" remote="-4611700274220076044" Dst="-1" /><file name="CB-Logo-Sm.png" server="commentbox.es/public_html/" local="3498297955" remote="-4611700274220076044" Dst="-1" /><file name="cb-logo.png" server="commentbox.es/public_html/" local="3498298110" remote="-4611700274220076044" Dst="-1" /><file name=".DS_Store" server="ftp.whatsthe.buzz/public_html/" local="3558553334" remote="3558554280" Dst="-1" /><file name="ajax-loader.gif" server="ftp.whatsthe.buzz/public_html/" local="3495920579" remote="3558554280" Dst="-1" /><file name="CB-Logo-Sm.png" server="ftp.whatsthe.buzz/public_html/" local="3498297955" remote="3558554280" Dst="-1" /><file name="cb-logo.png" server="ftp.whatsthe.buzz/public_html/" local="3498298110" remote="3558554280" Dst="-1" /><file name="planbg.jpg" server="ftp.whatsthe.buzz/public_html/" local="3495920579" remote="3558554280" Dst="-1" /><file name="pre-loader.gif" server="ftp.whatsthe.buzz/public_html/" local="3498384123" remote="3558554280" Dst="-1" /><file name="got1.png" server="ftp.whatsthe.buzz/public_html/" local="3559397740" remote="3559394280" Dst="-1" /><file name="got2.png" server="ftp.whatsthe.buzz/public_html/" local="3559397718" remote="3559394280" Dst="-1" /><file name="got3.png" server="ftp.whatsthe.buzz/public_html/" local="3559397702" remote="3559394280" Dst="-1" /><file name="got4.png" server="ftp.whatsthe.buzz/public_html/" local="3559397683" remote="3559394280" Dst="-1" /><file name="got5.png" server="ftp.whatsthe.buzz/public_html/" local="3559397666" remote="3559394280" Dst="-1" /><file name="noResponse.png" server="ftp.whatsthe.buzz/public_html/" local="3560150874" remote="3560147280" Dst="-1" /><file name="honeycomb-title.png" server="ftp.whatsthe.buzz/public_html/" local="3561762629" remote="3561820980" Dst="-1" /><file name="honeycomb-jumbo.png" server="ftp.whatsthe.buzz/public_html/" local="3561796912" remote="3561820980" Dst="-1" /><file name="wtb-QR-image.png" server="ftp.whatsthe.buzz/public_html/" local="3561890186" remote="3561886680" Dst="-1" /></dwsync>