<?xml version="1.0" encoding="utf-8" ?><dwsync><file name="autoload.php" server="commentbox.es/public_html/" local="3495920574" remote="7791063496" Dst="-1" /><file name="config.php" server="commentbox.es/public_html/" local="3511995310" remote="602446763950128592" Dst="-1" /><file name="constants.php" server="commentbox.es/public_html/" local="3495920574" remote="-4611698556235796024" Dst="-1" /><file name="database.php" server="commentbox.es/public_html/" local="3495920574" remote="-4611698556235796024" Dst="-1" /><file name="doctypes.php" server="commentbox.es/public_html/" local="3495920574" remote="-4611698556235796024" Dst="-1" /><file name="foreign_chars.php" server="commentbox.es/public_html/" local="3495920574" remote="-4611698556235796024" Dst="-1" /><file name="migration.php" server="commentbox.es/public_html/" local="3495920574" remote="-4611698556235796024" Dst="-1" /><file name="index.html" server="commentbox.es/public_html/" local="3495920574" remote="-4611698556235796024" Dst="-1" /><file name="hooks.php" server="commentbox.es/public_html/" local="3495920574" remote="-4611698556235796024" Dst="-1" /><file name="mimes.php" server="commentbox.es/public_html/" local="3495920574" remote="-4611698556235796024" Dst="-1" /><file name="profiler.php" server="commentbox.es/public_html/" local="3495920574" remote="-4611698556235796024" Dst="-1" /><file name="routes.php" server="commentbox.es/public_html/" local="3513071475" remote="602446763951230252" Dst="-1" /><file name="smileys.php" server="commentbox.es/public_html/" local="3495920574" remote="-4611698556235796024" Dst="-1" /><file name="user_agents.php" server="commentbox.es/public_html/" local="3495920574" remote="-4611698556235796024" Dst="-1" /><file name="autoload.php" server="ftp.whatsthe.buzz/public_html/" local="3495920574" remote="3558554280" Dst="-1" /><file name="config.php" server="ftp.whatsthe.buzz/public_html/" local="3558548287" remote="3558554280" Dst="-1" /><file name="constants.php" server="ftp.whatsthe.buzz/public_html/" local="3495920574" remote="3558554280" Dst="-1" /><file name="database.php" server="ftp.whatsthe.buzz/public_html/" local="3495920574" remote="3558554280" Dst="-1" /><file name="doctypes.php" server="ftp.whatsthe.buzz/public_html/" local="3495920574" remote="3558554280" Dst="-1" /><file name="foreign_chars.php" server="ftp.whatsthe.buzz/public_html/" local="3495920574" remote="3558554280" Dst="-1" /><file name="hooks.php" server="ftp.whatsthe.buzz/public_html/" local="3495920574" remote="3558554280" Dst="-1" /><file name="index.html" server="ftp.whatsthe.buzz/public_html/" local="3495920574" remote="3558554280" Dst="-1" /><file name="migration.php" server="ftp.whatsthe.buzz/public_html/" local="3495920574" remote="3558554280" Dst="-1" /><file name="mimes.php" server="ftp.whatsthe.buzz/public_html/" local="3495920574" remote="3558554280" Dst="-1" /><file name="profiler.php" server="ftp.whatsthe.buzz/public_html/" local="3495920574" remote="3558554280" Dst="-1" /><file name="routes.php" server="ftp.whatsthe.buzz/public_html/" local="3562026500" remote="3562090380" Dst="-1" /><file name="smileys.php" server="ftp.whatsthe.buzz/public_html/" local="3495920574" remote="3558554280" Dst="-1" /><file name="user_agents.php" server="ftp.whatsthe.buzz/public_html/" local="3495920574" remote="3558554280" Dst="-1" /></dwsync>