<?xml version="1.0" encoding="utf-8" ?><dwsync><file name=".htaccess" server="commentbox.es/public_html/" local="3495920596" remote="7791060016" Dst="-1" /><file name="constants.php" server="commentbox.es/public_html/" local="3495920596" remote="-4611698556235799504" Dst="-1" /><file name="index.php" server="commentbox.es/public_html/" local="3496780983" remote="602446763934913312" Dst="-1" /><file name="survey.config.php" server="commentbox.es/public_html/" local="3495920596" remote="-4611698556235799504" Dst="-1" /><file name="license.txt" server="commentbox.es/public_html/" local="3495920596" remote="-4611698556235799504" Dst="-1" /><file name=".travis.yml" server="commentbox.es/public_html/" local="3495920596" remote="-4611698556235799504" Dst="-1" /><file name=".htaccess" server="ftp.whatsthe.buzz/public_html/" local="3562358714" remote="3562355100" Dst="-1" /><file name=".travis.yml" server="ftp.whatsthe.buzz/public_html/" local="3495920596" remote="3558554280" Dst="-1" /><file name=".project" server="ftp.whatsthe.buzz/public_html/" local="3496102242" remote="3558554280" Dst="-1" /><file name="constants.php" server="ftp.whatsthe.buzz/public_html/" local="3558549525" remote="3558554280" Dst="-1" /><file name="index.php" server="ftp.whatsthe.buzz/public_html/" local="3563569079" remote="3563666280" Dst="-1" /><file name="license.txt" server="ftp.whatsthe.buzz/public_html/" local="3495920596" remote="3558554280" Dst="-1" /><file name="php.php" server="ftp.whatsthe.buzz/public_html/" local="3560634285" remote="3560630700" Dst="-1" /><file name="phpinfo.php" server="ftp.whatsthe.buzz/public_html/" local="3558554636" remote="3558554340" Dst="-1" /><file name="Server.png" server="ftp.whatsthe.buzz/public_html/" local="3545223921" remote="3558554340" Dst="-1" /><file name="survey.config.php" server="ftp.whatsthe.buzz/public_html/" local="3495920596" remote="3558554340" Dst="-1" /><file name="favicon.ico" server="ftp.whatsthe.buzz/public_html/" local="3563829591" remote="3563826000" Dst="-1" /></dwsync>