<?xml version="1.0" encoding="utf-8" ?><dwsync><file name="ajax-signup.php" server="commentbox.es/public_html/" local="3512902881" remote="602446763951036152" Dst="-1" /><file name="payment.php" server="commentbox.es/public_html/" local="3495920573" remote="-4611698556235650164" Dst="-1" /><file name="handlepmt.php" server="commentbox.es/public_html/" local="3511984785" remote="602446763950117972" Dst="-1" /><file name="ajax-config.php" server="commentbox.es/public_html/" local="3496248634" remote="602446763934381172" Dst="-1" /><file name="ajax-signin.php" server="commentbox.es/public_html/" local="3512902777" remote="602446763951036152" Dst="-1" /><file name="ajaxfeedback.php" server="commentbox.es/public_html/" local="3500228481" remote="996236015907712352" Dst="-1" /><file name="TwitterAPIExchange.php" server="commentbox.es/public_html/" local="3463632298" remote="602446763938340092" Dst="-1" /><file name="buildCoupon.php" server="commentbox.es/public_html/" local="3513080264" remote="602446763951230072" Dst="-1" /><file name="loadImage.php" server="commentbox.es/public_html/" local="3511023161" remote="602446763949211192" Dst="-1" /><file name="getCoupons.php" server="commentbox.es/public_html/" local="3512904681" remote="602446763951037892" Dst="-1" /><file name="getSingleCoupon.php" server="commentbox.es/public_html/" local="3511704342" remote="602446763950118512" Dst="-1" /><file name=".DS_Store" server="ftp.whatsthe.buzz/public_html/" local="3558553334" remote="3558554280" Dst="-1" /><file name="ajax-config.php" server="ftp.whatsthe.buzz/public_html/" local="3558563290" remote="3558559680" Dst="-1" /><file name="ajax-signin.php" server="ftp.whatsthe.buzz/public_html/" local="3563825835" remote="3563822820" Dst="-1" /><file name="ajax-signup.php" server="ftp.whatsthe.buzz/public_html/" local="3563825919" remote="3563822820" Dst="-1" /><file name="ajax-mail.php" server="ftp.whatsthe.buzz/public_html/" local="3559115598" remote="3559111980" Dst="-1" /><file name="ajax-twitter.php" server="ftp.whatsthe.buzz/public_html/" local="3500075306" remote="3558554280" Dst="-1" /><file name="ajaxfeedback.php" server="ftp.whatsthe.buzz/public_html/" local="3564093903" remote="3564090360" Dst="-1" /><file name="buildCoupon.php" server="ftp.whatsthe.buzz/public_html/" local="3513080264" remote="3558554280" Dst="-1" /><file name="getCoupons.php" server="ftp.whatsthe.buzz/public_html/" local="3512904681" remote="3558554280" Dst="-1" /><file name="getSingleCoupon.php" server="ftp.whatsthe.buzz/public_html/" local="3511704342" remote="3558554280" Dst="-1" /><file name="loadImage.php" server="ftp.whatsthe.buzz/public_html/" local="3511023161" remote="3558554280" Dst="-1" /><file name="payment.php" server="ftp.whatsthe.buzz/public_html/" local="3555773894" remote="3558554280" Dst="-1" /><file name="test.php" server="ftp.whatsthe.buzz/public_html/" local="3498743689" remote="3558554280" Dst="-1" /><file name="TwitterAPIExchange.php" server="ftp.whatsthe.buzz/public_html/" local="3463632298" remote="3558554280" Dst="-1" /><file name="ajax-mailer.php" server="ftp.whatsthe.buzz/public_html/" local="3560717696" remote="3560968020" Dst="-1" /><file name="index.php" server="ftp.whatsthe.buzz/public_html/" local="3559246634" remote="3559243020" Dst="-1" /><file name="handlepmt.php" server="ftp.whatsthe.buzz/public_html/" local="3563826005" remote="3563823000" Dst="-1" /><file name="ajax-password.php" server="ftp.whatsthe.buzz/public_html/" local="3563825765" remote="3563822880" Dst="-1" /><file name="ajax-coupon.php" server="ftp.whatsthe.buzz/public_html/" local="3562531738" remote="3562528140" Dst="-1" /><file name="arial.ttf" server="ftp.whatsthe.buzz/public_html/" local="3553382924" remote="3560242260" Dst="-1" /><file name="ajax-subscribe.php" server="ftp.whatsthe.buzz/public_html/" local="3561888873" remote="3561886260" Dst="-1" /><file name="ajax-ohm.php" server="ftp.whatsthe.buzz/public_html/" local="3561908981" remote="3562090920" Dst="-1" /><file name="ajax-contact.php" server="ftp.whatsthe.buzz/public_html/" local="3562201637" remote="3562198020" Dst="-1" /></dwsync>