<?xml version="1.0" encoding="utf-8" ?><dwsync><file name="AddOn.php" server="ftp.whatsthe.buzz/public_html/" local="3558554280" remote="3558554280" Dst="-1" /><file name="Address.php" server="ftp.whatsthe.buzz/public_html/" local="3558554280" remote="3558554280" Dst="-1" /><file name="Collection.php" server="ftp.whatsthe.buzz/public_html/" local="3558554280" remote="3558554280" Dst="-1" /><file name="Configuration.php" server="ftp.whatsthe.buzz/public_html/" local="3558554280" remote="3558554280" Dst="-1" /><file name="CreditCard.php" server="ftp.whatsthe.buzz/public_html/" local="3558554280" remote="3558554280" Dst="-1" /><file name="CreditCardVerification.php" server="ftp.whatsthe.buzz/public_html/" local="3558554280" remote="3558554280" Dst="-1" /><file name="CreditCardVerificationSearch.php" server="ftp.whatsthe.buzz/public_html/" local="3558554280" remote="3558554280" Dst="-1" /><file name="Customer.php" server="ftp.whatsthe.buzz/public_html/" local="3558554280" remote="3558554280" Dst="-1" /><file name="CustomerSearch.php" server="ftp.whatsthe.buzz/public_html/" local="3558554280" remote="3558554280" Dst="-1" /><file name="Descriptor.php" server="ftp.whatsthe.buzz/public_html/" local="3558554280" remote="3558554280" Dst="-1" /><file name="Digest.php" server="ftp.whatsthe.buzz/public_html/" local="3558554280" remote="3558554280" Dst="-1" /><file name="DisbursementDetails.php" server="ftp.whatsthe.buzz/public_html/" local="3558554280" remote="3558554280" Dst="-1" /><file name="Discount.php" server="ftp.whatsthe.buzz/public_html/" local="3558554280" remote="3558554280" Dst="-1" /><file name="EqualityNode.php" server="ftp.whatsthe.buzz/public_html/" local="3558554280" remote="3558554280" Dst="-1" /><file name="Exception.php" server="ftp.whatsthe.buzz/public_html/" local="3558554280" remote="3558554280" Dst="-1" /><file name="Http.php" server="ftp.whatsthe.buzz/public_html/" local="3558554280" remote="3558554280" Dst="-1" /><file name="Instance.php" server="ftp.whatsthe.buzz/public_html/" local="3558554280" remote="3558554280" Dst="-1" /><file name="IsNode.php" server="ftp.whatsthe.buzz/public_html/" local="3558554280" remote="3558554280" Dst="-1" /><file name="KeyValueNode.php" server="ftp.whatsthe.buzz/public_html/" local="3558554280" remote="3558554280" Dst="-1" /><file name="MerchantAccount.php" server="ftp.whatsthe.buzz/public_html/" local="3558554280" remote="3558554280" Dst="-1" /><file name="Modification.php" server="ftp.whatsthe.buzz/public_html/" local="3558554280" remote="3558554280" Dst="-1" /><file name="MultipleValueNode.php" server="ftp.whatsthe.buzz/public_html/" local="3558554280" remote="3558554280" Dst="-1" /><file name="MultipleValueOrTextNode.php" server="ftp.whatsthe.buzz/public_html/" local="3558554280" remote="3558554280" Dst="-1" /><file name="PartialMatchNode.php" server="ftp.whatsthe.buzz/public_html/" local="3558554280" remote="3558554280" Dst="-1" /><file name="PartnerMerchant.php" server="ftp.whatsthe.buzz/public_html/" local="3558554280" remote="3558554280" Dst="-1" /><file name="Plan.php" server="ftp.whatsthe.buzz/public_html/" local="3558554280" remote="3558554280" Dst="-1" /><file name="RangeNode.php" server="ftp.whatsthe.buzz/public_html/" local="3558554280" remote="3558554280" Dst="-1" /><file name="ResourceCollection.php" server="ftp.whatsthe.buzz/public_html/" local="3558554280" remote="3558554280" Dst="-1" /><file name="SettlementBatchSummary.php" server="ftp.whatsthe.buzz/public_html/" local="3558554280" remote="3558554280" Dst="-1" /><file name="Subscription.php" server="ftp.whatsthe.buzz/public_html/" local="3558554280" remote="3558554280" Dst="-1" /><file name="SubscriptionSearch.php" server="ftp.whatsthe.buzz/public_html/" local="3558554280" remote="3558554280" Dst="-1" /><file name="TextNode.php" server="ftp.whatsthe.buzz/public_html/" local="3558554280" remote="3558554280" Dst="-1" /><file name="Transaction.php" server="ftp.whatsthe.buzz/public_html/" local="3558554280" remote="3558554280" Dst="-1" /><file name="TransactionSearch.php" server="ftp.whatsthe.buzz/public_html/" local="3558554280" remote="3558554280" Dst="-1" /><file name="TransparentRedirect.php" server="ftp.whatsthe.buzz/public_html/" local="3558554280" remote="3558554280" Dst="-1" /><file name="Util.php" server="ftp.whatsthe.buzz/public_html/" local="3558554280" remote="3558554280" Dst="-1" /><file name="Version.php" server="ftp.whatsthe.buzz/public_html/" local="3558554280" remote="3558554280" Dst="-1" /><file name="WebhookNotification.php" server="ftp.whatsthe.buzz/public_html/" local="3558554280" remote="3558554280" Dst="-1" /><file name="WebhookTesting.php" server="ftp.whatsthe.buzz/public_html/" local="3558554280" remote="3558554280" Dst="-1" /><file name="Xml.php" server="ftp.whatsthe.buzz/public_html/" local="3558554280" remote="3558554280" Dst="-1" /></dwsync>