<?xml version="1.0" encoding="utf-8" ?><dwsync><file name="shAutoloader.js" server="commentbox.es/public_html/" local="3496201618" remote="7792758796" Dst="-1" /><file name="shBrushPhp.js" server="commentbox.es/public_html/" local="3496201618" remote="-4611699380867821556" Dst="-1" /><file name="shCore.js" server="commentbox.es/public_html/" local="3496201618" remote="-4611699380867821556" Dst="-1" /><file name="shLegacy.js" server="commentbox.es/public_html/" local="3496201618" remote="-4611699380867821556" Dst="-1" /><file name="XRegExp.js" server="commentbox.es/public_html/" local="3496201618" remote="7792758796" Dst="-1" /><file name="shAutoloader.js" server="ftp.whatsthe.buzz/public_html/" local="3496201618" remote="3558554280" Dst="-1" /><file name="shCore.js" server="ftp.whatsthe.buzz/public_html/" local="3496201618" remote="3558554280" Dst="-1" /><file name="shBrushPhp.js" server="ftp.whatsthe.buzz/public_html/" local="3496201618" remote="3558554280" Dst="-1" /><file name="shLegacy.js" server="ftp.whatsthe.buzz/public_html/" local="3496201618" remote="3558554280" Dst="-1" /><file name="XRegExp.js" server="ftp.whatsthe.buzz/public_html/" local="3496201618" remote="3558554280" Dst="-1" /></dwsync>