<?xml version="1.0" encoding="utf-8" ?><dwsync><file name="error_general.php" server="commentbox.es/public_html/" local="3495920575" remote="-4611698556235796024" Dst="-1" /><file name="error_404.php" server="commentbox.es/public_html/" local="3495920574" remote="7791063496" Dst="-1" /><file name="error_db.php" server="commentbox.es/public_html/" local="3495920575" remote="-4611698556235796024" Dst="-1" /><file name="error_php.php" server="commentbox.es/public_html/" local="3495920575" remote="-4611698556235796024" Dst="-1" /><file name="index.html" server="commentbox.es/public_html/" local="3495920575" remote="-4611698556235796024" Dst="-1" /><file name="error_404.php" server="ftp.whatsthe.buzz/public_html/" local="3495920574" remote="3558554280" Dst="-1" /><file name="error_db.php" server="ftp.whatsthe.buzz/public_html/" local="3495920575" remote="3558554280" Dst="-1" /><file name="error_general.php" server="ftp.whatsthe.buzz/public_html/" local="3495920575" remote="3558554280" Dst="-1" /><file name="error_php.php" server="ftp.whatsthe.buzz/public_html/" local="3495920575" remote="3558554280" Dst="-1" /><file name="index.html" server="ftp.whatsthe.buzz/public_html/" local="3495920575" remote="3558554280" Dst="-1" /></dwsync>