<?xml version="1.0" encoding="utf-8" ?><dwsync><file name=".DS_Store" server="commentbox.es/public_html/" local="3497791382" remote="602446763935928332" Dst="-1" /><file name=".scrutinizer.yml" server="commentbox.es/public_html/" local="3496201618" remote="-4611699380867821556" Dst="-1" /><file name=".gitignore" server="commentbox.es/public_html/" local="3496201618" remote="-4611699380867821556" Dst="-1" /><file name="changelog.md" server="commentbox.es/public_html/" local="3496201618" remote="-4611699380867821556" Dst="-1" /><file name=".travis.yml" server="commentbox.es/public_html/" local="3496201618" remote="-4611699380867821556" Dst="-1" /><file name="class.pop3.php" server="commentbox.es/public_html/" local="3496201618" remote="-4611699380867821556" Dst="-1" /><file name="class.smtp.php" server="commentbox.es/public_html/" local="3496201618" remote="-4611699380867821556" Dst="-1" /><file name="composer.json" server="commentbox.es/public_html/" local="3496201618" remote="-4611699380867821556" Dst="-1" /><file name="class.phpmailer.php" server="commentbox.es/public_html/" local="3497791690" remote="-4611699380867821556" Dst="-1" /><file name="LICENSE" server="commentbox.es/public_html/" local="3496201618" remote="7792758796" Dst="-1" /><file name="README.md" server="commentbox.es/public_html/" local="3496201618" remote="-4611699380867821556" Dst="-1" /><file name="PHPMailerAutoload.php" server="commentbox.es/public_html/" local="3496201618" remote="-4611699380867821556" Dst="-1" /><file name="travis.phpunit.xml.dist" server="commentbox.es/public_html/" local="3496201618" remote="7792758796" Dst="-1" /><file name="VERSION" server="commentbox.es/public_html/" local="3496201618" remote="-4611699380867821556" Dst="-1" /><file name=".DS_Store" server="ftp.whatsthe.buzz/public_html/" local="3558553334" remote="3558554280" Dst="-1" /><file name=".gitignore" server="ftp.whatsthe.buzz/public_html/" local="3496201618" remote="3558554280" Dst="-1" /><file name=".scrutinizer.yml" server="ftp.whatsthe.buzz/public_html/" local="3496201618" remote="3558554280" Dst="-1" /><file name=".travis.yml" server="ftp.whatsthe.buzz/public_html/" local="3496201618" remote="3558554280" Dst="-1" /><file name="changelog.md" server="ftp.whatsthe.buzz/public_html/" local="3496201618" remote="3558554280" Dst="-1" /><file name="class.phpmailer.php" server="ftp.whatsthe.buzz/public_html/" local="3500038084" remote="3558554280" Dst="-1" /><file name="class.pop3.php" server="ftp.whatsthe.buzz/public_html/" local="3496201618" remote="3558554280" Dst="-1" /><file name="class.smtp.php" server="ftp.whatsthe.buzz/public_html/" local="3496201618" remote="3558554280" Dst="-1" /><file name="composer.json" server="ftp.whatsthe.buzz/public_html/" local="3496201618" remote="3558554280" Dst="-1" /><file name="LICENSE" server="ftp.whatsthe.buzz/public_html/" local="3496201618" remote="3558554340" Dst="-1" /><file name="PHPMailerAutoload.php" server="ftp.whatsthe.buzz/public_html/" local="3496201618" remote="3558554340" Dst="-1" /><file name="README.md" server="ftp.whatsthe.buzz/public_html/" local="3496201618" remote="3558554340" Dst="-1" /><file name="travis.phpunit.xml.dist" server="ftp.whatsthe.buzz/public_html/" local="3496201618" remote="3558554340" Dst="-1" /><file name="VERSION" server="ftp.whatsthe.buzz/public_html/" local="3496201618" remote="3558554340" Dst="-1" /></dwsync>