<?xml version="1.0" encoding="utf-8" ?><dwsync><file name="Callback_function_notes.txt" server="commentbox.es/public_html/" local="3496201618" remote="7792758796" Dst="-1" /><file name="DomainKeys_notes.txt" server="commentbox.es/public_html/" local="3496201618" remote="-4611699380867821556" Dst="-1" /><file name="extending.html" server="commentbox.es/public_html/" local="3496201618" remote="-4611699380867821556" Dst="-1" /><file name="faq.html" server="commentbox.es/public_html/" local="3496201618" remote="-4611699380867821556" Dst="-1" /><file name="generatedocs.sh" server="commentbox.es/public_html/" local="3496201618" remote="-4611699380867821556" Dst="-1" /><file name="Note_for_SMTP_debugging.txt" server="commentbox.es/public_html/" local="3496201618" remote="-4611699380867821556" Dst="-1" /><file name="pop3_article.txt" server="commentbox.es/public_html/" local="3496201618" remote="-4611699380867821556" Dst="-1" /><file name="Callback_function_notes.txt" server="ftp.whatsthe.buzz/public_html/" local="3496201618" remote="3558554280" Dst="-1" /><file name="DomainKeys_notes.txt" server="ftp.whatsthe.buzz/public_html/" local="3496201618" remote="3558554280" Dst="-1" /><file name="extending.html" server="ftp.whatsthe.buzz/public_html/" local="3496201618" remote="3558554280" Dst="-1" /><file name="faq.html" server="ftp.whatsthe.buzz/public_html/" local="3496201618" remote="3558554280" Dst="-1" /><file name="generatedocs.sh" server="ftp.whatsthe.buzz/public_html/" local="3496201618" remote="3558554280" Dst="-1" /><file name="Note_for_SMTP_debugging.txt" server="ftp.whatsthe.buzz/public_html/" local="3496201618" remote="3558554280" Dst="-1" /><file name="pop3_article.txt" server="ftp.whatsthe.buzz/public_html/" local="3496201618" remote="3558554280" Dst="-1" /></dwsync>