<?xml version="1.0" encoding="utf-8" ?><dwsync><file name="contact.php" server="commentbox.es/public_html/" local="3495920574" remote="7791063496" Dst="-1" /><file name="overview.php" server="commentbox.es/public_html/" local="3495920574" remote="-4611698556235796024" Dst="-1" /><file name="index.html" server="commentbox.es/public_html/" local="3495920574" remote="-4611698556235796024" Dst="-1" /><file name="pay.php" server="commentbox.es/public_html/" local="3495920574" remote="-4611698556235796024" Dst="-1" /><file name="paymentsummary.php" server="commentbox.es/public_html/" local="3495920574" remote="-4611698556235796024" Dst="-1" /><file name="plan.php" server="commentbox.es/public_html/" local="3495920574" remote="-4611698556235796024" Dst="-1" /><file name="pubnav.php" server="commentbox.es/public_html/" local="3495920574" remote="-4611698556235796024" Dst="-1" /><file name="signin.php" server="commentbox.es/public_html/" local="3495920574" remote="602446763934873772" Dst="-1" /><file name="signup.php" server="commentbox.es/public_html/" local="3495920574" remote="-4611698556235796024" Dst="-1" /><file name="welcome.php" server="commentbox.es/public_html/" local="3495920574" remote="7791063496" Dst="-1" /><file name="yourlink.php" server="commentbox.es/public_html/" local="3495920574" remote="-4611698556235796024" Dst="-1" /><file name="admin.php" server="commentbox.es/public_html/" local="3510952921" remote="602446763949211252" Dst="-1" /><file name="logout.php" server="commentbox.es/public_html/" local="3496710053" remote="602446763934874012" Dst="-1" /><file name="vibe.php" server="commentbox.es/public_html/" local="3497735684" remote="602446763935921672" Dst="-1" /><file name="forWhom.php" server="commentbox.es/public_html/" local="3500230144" remote="602446763938362712" Dst="-1" /><file name="review.php" server="commentbox.es/public_html/" local="3500218202" remote="602446763938350412" Dst="-1" /><file name="feedback.php" server="commentbox.es/public_html/" local="3500218637" remote="602446763938350832" Dst="-1" /><file name="svc.php" server="commentbox.es/public_html/" local="3513097221" remote="602446763951230432" Dst="-1" /><file name="about.php" server="ftp.whatsthe.buzz/public_html/" local="3496360150" remote="3561845820" Dst="-1" /><file name="admin.php" server="ftp.whatsthe.buzz/public_html/" local="3560022405" remote="3560018820" Dst="-1" /><file name="contact.php" server="ftp.whatsthe.buzz/public_html/" local="3495920574" remote="3558554280" Dst="-1" /><file name="feedback.php" server="ftp.whatsthe.buzz/public_html/" local="3500218637" remote="3558554280" Dst="-1" /><file name="forWhom.php" server="ftp.whatsthe.buzz/public_html/" local="3500230144" remote="3558554280" Dst="-1" /><file name="index.html" server="ftp.whatsthe.buzz/public_html/" local="3495920574" remote="3558554280" Dst="-1" /><file name="logout.php" server="ftp.whatsthe.buzz/public_html/" local="3496710053" remote="3558554280" Dst="-1" /><file name="overview.php" server="ftp.whatsthe.buzz/public_html/" local="3495920574" remote="3558554280" Dst="-1" /><file name="pay.php" server="ftp.whatsthe.buzz/public_html/" local="3495920574" remote="3558554280" Dst="-1" /><file name="paymentsummary.php" server="ftp.whatsthe.buzz/public_html/" local="3495920574" remote="3558554280" Dst="-1" /><file name="plan.php" server="ftp.whatsthe.buzz/public_html/" local="3498307297" remote="3558554280" Dst="-1" /><file name="pubnav.php" server="ftp.whatsthe.buzz/public_html/" local="3495920574" remote="3558554280" Dst="-1" /><file name="review.php" server="ftp.whatsthe.buzz/public_html/" local="3500218202" remote="3558554280" Dst="-1" /><file name="signin.php" server="ftp.whatsthe.buzz/public_html/" local="3495920574" remote="3558554280" Dst="-1" /><file name="signup.php" server="ftp.whatsthe.buzz/public_html/" local="3495920574" remote="3558554280" Dst="-1" /><file name="svc.php" server="ftp.whatsthe.buzz/public_html/" local="3558552400" remote="3558554280" Dst="-1" /><file name="vibe.php" server="ftp.whatsthe.buzz/public_html/" local="3497735684" remote="3558554280" Dst="-1" /><file name="welcome.php" server="ftp.whatsthe.buzz/public_html/" local="3495920574" remote="3558554280" Dst="-1" /><file name="yourlink.php" server="ftp.whatsthe.buzz/public_html/" local="3495920574" remote="3558554280" Dst="-1" /><file name="code.php" server="ftp.whatsthe.buzz/public_html/" local="3558982236" remote="3558987780" Dst="-1" /><file name="subscribe.php" server="ftp.whatsthe.buzz/public_html/" local="3561832223" remote="3561845700" Dst="-1" /><file name="ohm.php" server="ftp.whatsthe.buzz/public_html/" local="3562093457" remote="3562090380" Dst="-1" /><file name="tos.php" server="ftp.whatsthe.buzz/public_html/" local="3563569762" remote="3563666220" Dst="-1" /></dwsync>