<?xml version="1.0" encoding="utf-8" ?><dwsync><file name="shCoreDefault.css" server="commentbox.es/public_html/" local="3496201618" remote="7792758796" Dst="-1" /><file name="shCore.css" server="commentbox.es/public_html/" local="3496201618" remote="-4611699380867821556" Dst="-1" /><file name="shCoreDjango.css" server="commentbox.es/public_html/" local="3496201618" remote="-4611699380867821556" Dst="-1" /><file name="shCoreEmacs.css" server="commentbox.es/public_html/" local="3496201618" remote="-4611699380867821556" Dst="-1" /><file name="shCoreFadeToGrey.css" server="commentbox.es/public_html/" local="3496201618" remote="-4611699380867821556" Dst="-1" /><file name="shCoreEclipse.css" server="commentbox.es/public_html/" local="3496201618" remote="-4611699380867821556" Dst="-1" /><file name="shCoreMDUltra.css" server="commentbox.es/public_html/" local="3496201618" remote="-4611699380867821556" Dst="-1" /><file name="shCoreMidnight.css" server="commentbox.es/public_html/" local="3496201618" remote="-4611699380867821556" Dst="-1" /><file name="shCoreRDark.css" server="commentbox.es/public_html/" local="3496201618" remote="-4611699380867821556" Dst="-1" /><file name="shThemeDefault.css" server="commentbox.es/public_html/" local="3496201618" remote="-4611699380867821556" Dst="-1" /><file name="shThemeAppleScript.css" server="commentbox.es/public_html/" local="3496201618" remote="-4611699380867821556" Dst="-1" /><file name="shThemeDjango.css" server="commentbox.es/public_html/" local="3496201618" remote="-4611699380867821556" Dst="-1" /><file name="shThemeEclipse.css" server="commentbox.es/public_html/" local="3496201618" remote="-4611699380867821556" Dst="-1" /><file name="shThemeEmacs.css" server="commentbox.es/public_html/" local="3496201618" remote="-4611699380867821556" Dst="-1" /><file name="shThemeFadeToGrey.css" server="commentbox.es/public_html/" local="3496201618" remote="-4611699380867821556" Dst="-1" /><file name="shThemeMidnight.css" server="commentbox.es/public_html/" local="3496201618" remote="-4611699380867821556" Dst="-1" /><file name="shThemeRDark.css" server="commentbox.es/public_html/" local="3496201618" remote="-4611699380867821556" Dst="-1" /><file name="shThemeMDUltra.css" server="commentbox.es/public_html/" local="3496201618" remote="-4611699380867821556" Dst="-1" /><file name="shThemeVisualStudio.css" server="commentbox.es/public_html/" local="3496201618" remote="-4611699380867821556" Dst="-1" /><file name="wrapping.png" server="commentbox.es/public_html/" local="3496201618" remote="-4611699380867821556" Dst="-1" /><file name="shCore.css" server="ftp.whatsthe.buzz/public_html/" local="3496201618" remote="3558554340" Dst="-1" /><file name="shCoreDefault.css" server="ftp.whatsthe.buzz/public_html/" local="3496201618" remote="3558554340" Dst="-1" /><file name="shCoreDjango.css" server="ftp.whatsthe.buzz/public_html/" local="3496201618" remote="3558554340" Dst="-1" /><file name="shCoreEclipse.css" server="ftp.whatsthe.buzz/public_html/" local="3496201618" remote="3558554340" Dst="-1" /><file name="shCoreEmacs.css" server="ftp.whatsthe.buzz/public_html/" local="3496201618" remote="3558554340" Dst="-1" /><file name="shCoreFadeToGrey.css" server="ftp.whatsthe.buzz/public_html/" local="3496201618" remote="3558554340" Dst="-1" /><file name="shCoreMDUltra.css" server="ftp.whatsthe.buzz/public_html/" local="3496201618" remote="3558554340" Dst="-1" /><file name="shCoreMidnight.css" server="ftp.whatsthe.buzz/public_html/" local="3496201618" remote="3558554340" Dst="-1" /><file name="shCoreRDark.css" server="ftp.whatsthe.buzz/public_html/" local="3496201618" remote="3558554340" Dst="-1" /><file name="shThemeAppleScript.css" server="ftp.whatsthe.buzz/public_html/" local="3496201618" remote="3558554340" Dst="-1" /><file name="shThemeDefault.css" server="ftp.whatsthe.buzz/public_html/" local="3496201618" remote="3558554340" Dst="-1" /><file name="shThemeDjango.css" server="ftp.whatsthe.buzz/public_html/" local="3496201618" remote="3558554340" Dst="-1" /><file name="shThemeEclipse.css" server="ftp.whatsthe.buzz/public_html/" local="3496201618" remote="3558554340" Dst="-1" /><file name="shThemeEmacs.css" server="ftp.whatsthe.buzz/public_html/" local="3496201618" remote="3558554340" Dst="-1" /><file name="shThemeFadeToGrey.css" server="ftp.whatsthe.buzz/public_html/" local="3496201618" remote="3558554340" Dst="-1" /><file name="shThemeMidnight.css" server="ftp.whatsthe.buzz/public_html/" local="3496201618" remote="3558554340" Dst="-1" /><file name="shThemeMDUltra.css" server="ftp.whatsthe.buzz/public_html/" local="3496201618" remote="3558554340" Dst="-1" /><file name="shThemeRDark.css" server="ftp.whatsthe.buzz/public_html/" local="3496201618" remote="3558554340" Dst="-1" /><file name="shThemeVisualStudio.css" server="ftp.whatsthe.buzz/public_html/" local="3496201618" remote="3558554340" Dst="-1" /><file name="wrapping.png" server="ftp.whatsthe.buzz/public_html/" local="3496201618" remote="3558554340" Dst="-1" /></dwsync>