<?xml version="1.0" encoding="utf-8" ?><dwsync><file name="glyphicons-halflings-regular.ttf" server="commentbox.es/public_html/" local="3495920576" remote="-4611698556235795964" Dst="-1" /><file name="glyphicons-halflings-regular.eot" server="commentbox.es/public_html/" local="3495920576" remote="7791063556" Dst="-1" /><file name="glyphicons-halflings-regular.svg" server="commentbox.es/public_html/" local="3495920576" remote="-4611698556235795964" Dst="-1" /><file name="glyphicons-halflings-regular.woff" server="commentbox.es/public_html/" local="3495920576" remote="-4611698556235795964" Dst="-1" /><file name="glyphicons-halflings-regular.eot" server="ftp.whatsthe.buzz/public_html/" local="3495920576" remote="3558554280" Dst="-1" /><file name="glyphicons-halflings-regular.svg" server="ftp.whatsthe.buzz/public_html/" local="3495920576" remote="3558554280" Dst="-1" /><file name="glyphicons-halflings-regular.ttf" server="ftp.whatsthe.buzz/public_html/" local="3495920576" remote="3558554280" Dst="-1" /><file name="glyphicons-halflings-regular.woff" server="ftp.whatsthe.buzz/public_html/" local="3495920576" remote="3558554280" Dst="-1" /></dwsync>