<?xml version="1.0" encoding="utf-8" ?><dwsync><file name="code_generator.phps" server="commentbox.es/public_html/" local="3496201618" remote="7792758796" Dst="-1" /><file name="contents.html" server="commentbox.es/public_html/" local="3496201618" remote="-4611699380867821556" Dst="-1" /><file name="exceptions.phps" server="commentbox.es/public_html/" local="3496201618" remote="-4611699380867821556" Dst="-1" /><file name="index.html" server="commentbox.es/public_html/" local="3496201618" remote="7792758796" Dst="-1" /><file name="LGPLv3.txt" server="commentbox.es/public_html/" local="3496201618" remote="-4611699380867821556" Dst="-1" /><file name="pop_before_smtp.phps" server="commentbox.es/public_html/" local="3496201618" remote="-4611699380867821556" Dst="-1" /><file name="mailing_list.phps" server="commentbox.es/public_html/" local="3496201618" remote="-4611699380867821556" Dst="-1" /><file name="sendmail.phps" server="commentbox.es/public_html/" local="3496201618" remote="7792758796" Dst="-1" /><file name="smtp.phps" server="commentbox.es/public_html/" local="3496201618" remote="-4611699380867821556" Dst="-1" /><file name="smtp_check.phps" server="commentbox.es/public_html/" local="3496201618" remote="7792758796" Dst="-1" /><file name="smtp_no_auth.phps" server="commentbox.es/public_html/" local="3496201618" remote="-4611699380867821556" Dst="-1" /><file name="mail.php" server="commentbox.es/public_html/" local="3497793002" remote="602446763935928932" Dst="-1" /><file name="code_generator.phps" server="ftp.whatsthe.buzz/public_html/" local="3496201618" remote="3558554280" Dst="-1" /><file name="contents.html" server="ftp.whatsthe.buzz/public_html/" local="3496201618" remote="3558554280" Dst="-1" /><file name="exceptions.phps" server="ftp.whatsthe.buzz/public_html/" local="3496201618" remote="3558554280" Dst="-1" /><file name="gmail.php" server="ftp.whatsthe.buzz/public_html/" local="3496201618" remote="3558554280" Dst="-1" /><file name="LGPLv3.txt" server="ftp.whatsthe.buzz/public_html/" local="3496201618" remote="3558554280" Dst="-1" /><file name="index.html" server="ftp.whatsthe.buzz/public_html/" local="3497792948" remote="3558554280" Dst="-1" /><file name="mail.php" server="ftp.whatsthe.buzz/public_html/" local="3497793002" remote="3558554280" Dst="-1" /><file name="mailing_list.phps" server="ftp.whatsthe.buzz/public_html/" local="3496201618" remote="3558554280" Dst="-1" /><file name="pop_before_smtp.phps" server="ftp.whatsthe.buzz/public_html/" local="3496201618" remote="3558554280" Dst="-1" /><file name="sendmail.phps" server="ftp.whatsthe.buzz/public_html/" local="3496201618" remote="3558554280" Dst="-1" /><file name="smtp.phps" server="ftp.whatsthe.buzz/public_html/" local="3496201618" remote="3558554280" Dst="-1" /><file name="smtp_check.phps" server="ftp.whatsthe.buzz/public_html/" local="3496201618" remote="3558554280" Dst="-1" /><file name="smtp_no_auth.phps" server="ftp.whatsthe.buzz/public_html/" local="3496201618" remote="3558554340" Dst="-1" /></dwsync>