<?xml version="1.0" encoding="utf-8" ?><dwsync><file name="class.html2text.php" server="commentbox.es/public_html/" local="3496201618" remote="7792758796" Dst="-1" /><file name="EasyPeasyICS.php" server="commentbox.es/public_html/" local="3496201618" remote="-4611699380867821556" Dst="-1" /><file name="htmlfilter.php" server="commentbox.es/public_html/" local="3496201618" remote="-4611699380867821556" Dst="-1" /><file name="ntlm_sasl_client.php" server="commentbox.es/public_html/" local="3496201618" remote="-4611699380867821556" Dst="-1" /><file name="README.md" server="commentbox.es/public_html/" local="3496201618" remote="-4611699380867821556" Dst="-1" /><file name="class.html2text.php" server="ftp.whatsthe.buzz/public_html/" local="3496201618" remote="3558554340" Dst="-1" /><file name="EasyPeasyICS.php" server="ftp.whatsthe.buzz/public_html/" local="3496201618" remote="3558554340" Dst="-1" /><file name="htmlfilter.php" server="ftp.whatsthe.buzz/public_html/" local="3496201618" remote="3558554340" Dst="-1" /><file name="ntlm_sasl_client.php" server="ftp.whatsthe.buzz/public_html/" local="3496201618" remote="3558554340" Dst="-1" /><file name="README.md" server="ftp.whatsthe.buzz/public_html/" local="3496201618" remote="3558554340" Dst="-1" /></dwsync>